{
  "posts": [
    {
      "id": 1,
      "firstName": "Saransh ",
      "lastName": "soni",
      "email": "ssaransh799@gmail.com",
      "mobile": "9981431405",
      "salary": "44"
    },
    {
      "id": 2,
      "firstName": "Anurag",
      "lastName": "Gupta",
      "email": "anu@gmail.com",
      "mobile": "9852878233",
      "salary": "25"
    },
    {
      "id": 3,
      "firstName": "Rahul",
      "lastName": "Sharma",
      "email": "rahul@gmail.com",
      "mobile": "872867728",
      "salary": "11"
    },
    {
      "id": 4,
      "firstName": "Snehil",
      "lastName": "Sahu",
      "email": "snehil@gmail.com",
      "mobile": "9426673899",
      "salary": "21"
    },
    {
      "id": 5,
      "firstName": "Shailesh",
      "lastName": "Kumar",
      "email": "Shailesh@gmail.com",
      "mobile": "9873268462",
      "salary": "19"
    },
    {
      "id": 6,
      "firstName": "Sunita",
      "lastName": "Soni",
      "email": "Sunita@gmail.com",
      "mobile": "25389035628",
      "salary": "5"
    },
    {
      "id": 7,
      "firstName": "Sakshi",
      "lastName": "Soni",
      "email": "Sakshi@gmail.com",
      "mobile": "2637829649",
      "salary": "10"
    },
    {
      "id": 8,
      "firstName": "Suchit",
      "lastName": "Mehenge",
      "email": "suchit@gmail.com",
      "mobile": "26478298754",
      "salary": "19"
    },
    {
      "id": 9,
      "firstName": "Shivansh",
      "lastName": "Chaturvedi",
      "email": "shivansh@gmail.com",
      "mobile": "93628763822",
      "salary": "22"
    },
    {
      "id": 10,
      "firstName": "Pragati ",
      "lastName": "Vairagi",
      "email": "Pragati@gmail.com",
      "mobile": "9783627287",
      "salary": "12"
    },
    {
      "id": 11,
      "firstName": "Lipika",
      "lastName": "Lenka",
      "email": "lipika@gmail.com",
      "mobile": "8723984908",
      "salary": "44"
    },
    {
      "id": 12,
      "firstName": "Shreya",
      "lastName": "Shukla",
      "email": "shreya@gmail.com",
      "mobile": "8938472839",
      "salary": "29"
    }
  ],
  "comments": [],
  "profile": {
    "name": "typicode"
  }
}